index,Unnamed: 0,target_id,pval,qval,b,se_b,mean_obs,var_obs,tech_var,sigma_sq,smooth_sigma_sq,final_sigma_sq,ens_gene,ext_gene,genotype,abs_b,b_c,b_e,b_b,b_a,b_d,se_b_c,se_b_e,se_b_b,se_b_a,se_b_d,q_c,q_e,q_b,q_a,q_d
223,224,K10B2.3b,0.000375455277703954,0.0313186690352607,0.305141243843138,0.0857918858804737,7.63229429156966,0.0810769039865389,0.0035545995022651703,0.00321776697893903,0.007485772022127159,0.007485772022127159,WBGene00019606,clec-88,f,0.305141243843138,-0.526072454643094,0.0292082899667028,0.25376613832308503,0.47722483232588103,0.259089169978925,0.0857918858804737,0.0857918858804737,0.0857918858804737,0.0857918858804737,0.0857918858804737,7.051772923047391e-07,0.9706432654551039,0.0391512041603905,1.44797519194105e-06,0.0742691461640105
